"mirnaid","refseqid","genesymbol","duplex","start","end","bindingp","energy","seed","accessibility","au","phylopstem","phylopflank","me","number_of_pairings","binding_region_length","longest_consecutive_pairings","position","validated","TargetScan","miRDB"
"rno-miR-1224","XM_017600849","Mbp","GTGAGGACTGGGGAGGTGGAG#CTCCCTGCTCAGCCTTCCCGAATCCTG#...((((.(((((((((.(((#.))).)))))))))..)))).",779,806,0.961538461538462,-22.9,0,0.05289712,0.456,0,0,-8.82817512285937,16,21,9,"3UTR",NA,0,0
"rno-miR-1224","XM_006254997","Mbp","GTGAGGACTGGGGAGGTGGAG#CTCAGAATTCCAGTCTTCTAATGTCCACGGACACCTCCCCATCCCTCT#..((((..((((((((((...#.))))))))))..)))).",2193,2241,0.974358974358974,-29,0,0.2413842,0.529,0,0,-8.81432218342424,14,18,10,"3UTR",NA,0,0
"rno-miR-1224","XM_017600845","Mbp","GTGAGGACTGGGGAGGTGGAG#CTCAGAATTCCAGTCTTCTAATGTCCACGGACACCTCCCCATCCCTCT#..((((..((((((((((...#.))))))))))..)))).",1984,2032,0.974358974358974,-29,0,0.2413842,0.529,0,0,-8.81432218342424,14,18,10,"3UTR",NA,0,0
"rno-miR-1224","XM_017600846","Mbp","GTGAGGACTGGGGAGGTGGAG#CTCAGAATTCCAGTCTTCTAATGTCCACGGACACCTCCCCATCCCTCT#..((((..((((((((((...#.))))))))))..)))).",1942,1990,0.974358974358974,-29,0,0.2413842,0.529,0,0,-8.81432218342424,14,18,10,"3UTR",NA,0,0
"rno-miR-1224","XM_039096570","Mbp","GTGAGGACTGGGGAGGTGGAG#CTCAGAATTCCAGTCTTCTAATGTCCACGGACACCTCCCCATCCCTCT#..((((..((((((((((...#.))))))))))..)))).",1953,2001,0.974358974358974,-29,0,0.2413842,0.529,0,0,-8.81432218342424,14,18,10,"3UTR",NA,0,0
"rno-miR-1224","NM_017009","Gfap","GTGAGGACTGGGGAGGTGGAG#TCCTTTCCTCCCCCTCTAAGGTCCCTCC#..((((((((((((((.(((.#)))...)))))))......))))).)).",2554,2582,1,-23.9,1,0.007120183,0.397,0.309407719047619,0.52743213,-4.95700071937229,17,28,7,"3UTR",NA,0,0
"rno-miR-1224","NM_017195","Gap43","GTGAGGACTGGGGAGGTGGAG#CCACCTGAACCCTGTCTCTCC#..((((((.(((.((((((..#))))))...))).))).))).",926,947,1,-22.6,1,0.3390345,0.441,0.665488166666667,1.27828761,-7.3025209902843,15,21,6,"3UTR",NA,0,0
"rno-miR-1224","NM_031329","Ocln","GTGAGGACTGGGGAGGTGGAG#CTCCACTCCCCAGGTGGCAGGTAGATTAGAGGCTCTCCTCCA#(.((((((((((((.((((((#)))))))))))))......................)))))).",3489,3531,1,-27.9,1,0.000402178,0.471,0.90828775882353,1.220712815,-5.83669988846747,19,42,13,"3UTR",NA,0,0
"rno-miR-1224","XM_039085178","Gfap","GTGAGGACTGGGGAGGTGGAG#TTCTTCCTCCCAGGCCTCT#..((((.((.((((((.((((#)))).)))))).)))))).",1397,1416,1,-23.7,0,0.03422783,0.456,0,0,-7.74319372257179,16,19,6,"3UTR",NA,0,0
"rno-miR-139-3p","NM_017195","Gap43","TGGAGACGCGGCCCTGTTGGAG#TCCAACAGTGTGGCTTAAACATTTGTTTCTT#.((((((((.((.((((((((.#)))))))).)).))..........)))))).",1083,1114,1,-21.7,1,0.001984103,0.603,2.3188045,2.13541599625,-6.32496191835154,18,31,8,"3UTR",NA,0,0
"rno-miR-139-3p","XM_039085680","Rbfox3","TGGAGACGCGGCCCTGTTGGAG#CTCCAGCCAGCTGGTCTCCC#.((((((.((((...(((((((#)))))))..)))))))))).",2176,2196,1,-25.9,1,0.0007711861,0.456,0,0,-8.98837985697503,17,20,10,"3UTR",NA,0,0
"rno-miR-3558-5p","NM_024359","Hif1a","CCATAGAAGTCATCCCACAGTGCC#GTCTGTGGGGTTTCGTTTCTGTTGGT#(((((((((..(((((((((.((.#)))))))))))....))))))).)).",2551,2577,1,-20.9,1,0.07660256,0.529,0.398354333333333,1.2578193625,-8.00485538994019,20,26,11,"3UTR",NA,0,1
"rno-miR-3558-5p","XM_039085684","Rbfox3","CCATAGAAGTCATCCCACAGTGCC#GGCGCTGTGGGCTCGAAGGCCAGCCTCCGCTGTCTGCTAGGA#((.(((.((.((.(((((((((((#)))))))))))...................)).)).))))).",2255,2297,1,-24.3,0,6.837383e-05,0.382,0,0,-9.57043753637386,20,42,11,"3UTR",NA,0,0
"rno-miR-3584-3p","XM_006254997","Mbp","GCCCGCATCTCTGGATCCC#TCCAGGGATGAGGAGCT#((((.((((((((((....#)))))))))).)).)).",2178,2195,1,-22.6,0,1.176864e-05,0.397,0,0,-8.28966070131775,14,17,10,"3UTR",NA,0,0
"rno-miR-3584-3p","XM_008767207","Map2","GCCCGCATCTCTGGATCCC#GGGTCCAGTTATGCATAAAGGGGTT#((((((((..((((((((.#))))))))..))))......)))).",2910,2935,1,-22.9,1,0.005654843,0.574,0,0,-6.23647057277561,16,25,8,"3UTR",NA,0,0
"rno-miR-3584-3p","XM_017596298","Map2","GCCCGCATCTCTGGATCCC#GGGTCCAGTTATGCATAAAGGGGTT#((((((((..((((((((.#))))))))..))))......)))).",6996,7021,1,-22.9,1,0.005654843,0.574,0,0,-6.23647057277561,16,25,8,"3UTR",NA,0,0
"rno-miR-3584-3p","XM_017600845","Mbp","GCCCGCATCTCTGGATCCC#TCCAGGGATGAGGAGCT#((((.((((((((((....#)))))))))).)).)).",1969,1986,1,-22.6,0,1.176864e-05,0.397,0,0,-8.28966070131775,14,17,10,"3UTR",NA,0,0
"rno-miR-3584-3p","XM_017600846","Mbp","GCCCGCATCTCTGGATCCC#TCCAGGGATGAGGAGCT#((((.((((((((((....#)))))))))).)).)).",1927,1944,1,-22.6,0,1.176864e-05,0.397,0,0,-8.28966070131775,14,17,10,"3UTR",NA,0,0
"rno-miR-3584-3p","XM_039083074","Map2","GCCCGCATCTCTGGATCCC#GGGTCCAGTTATGCATAAAGGGGTT#((((((((..((((((((.#))))))))..))))......)))).",7040,7065,1,-22.9,1,0.005654843,0.574,0,0,-6.23647057277561,16,25,8,"3UTR",NA,0,0
"rno-miR-3584-3p","XM_039096570","Mbp","GCCCGCATCTCTGGATCCC#TCCAGGGATGAGGAGCT#((((.((((((((((....#)))))))))).)).)).",1938,1955,1,-22.6,0,1.176864e-05,0.397,0,0,-8.28966070131775,14,17,10,"3UTR",NA,0,0
"rno-miR-3589","NM_019621","Dlg4","GAGGAAACCAGCAAGTGTTGAC#TTTGCTGGTTTGCA#..(.(((((((((((.......#))))))))))).).",2807,2821,1,-17.4,0,0.00204922,0.574,1.25174472727273,0.6860220095,-8.22207207463509,12,14,11,"3UTR",NA,0,0
"rno-miR-3593-3p","XM_039085178","Gfap","CTTCAACCTTAAGGGGGCCTCA#TGTCGCTAGGTGGTCCCCTTGGGGATTGCAGT#((.((((((((((((((((.(.#.).))))))))))))).))).)).",1684,1716,0.961538461538462,-27.4,0,1.648167e-05,0.456,0,0,-5.49511392050811,19,24,13,"3UTR",NA,0,0
"rno-miR-3593-3p","NM_001025289","Mbp","CTTCAACCTTAAGGGGGCCTCA#TGAGGCTCCCTGGATGAGT#.((((.((...(((((((((((#))))))))))))).)))).",1088,1107,1,-24.8,0,0.0001319623,0.574,-0.468237727272727,-0.081232188125,-10.8179542005345,17,19,13,"3UTR",NA,0,0
"rno-miR-3593-3p","NM_017195","Gap43","CTTCAACCTTAAGGGGGCCTCA#TGAGGCTCCTTTTTCAATCTGAAT#.((((.....((((((((((((#)))))))))))).......)))).",1434,1458,1,-20.2,0,0.1533077,0.691,1.43289883333333,1.77710304821429,-11.8505011891761,16,24,12,"3UTR",NA,0,0
"rno-miR-615","NM_031329","Ocln","GGGGGTCCCCGGTGCTCGGATC#TCTGAGTGCTGGGTGCA#....((.(((((((((((((..#))))))))))))).)).",2268,2285,1,-23.9,0,6.286108e-05,0.544,0.830076923076923,0.55165,-11.0902490035092,15,17,13,"3UTR",NA,0,0
"rno-miR-615","XM_006256061","Aif1","GGGGGTCCCCGGTGCTCGGATC#TGGGACCGAGGACCTTCT#((((((((.((((.((((....#)))))))).)))))))).",895,913,1,-23.9,1,0.001359243,0.5,0,0,-5.85080402196783,16,18,8,"3UTR",NA,0,0
"rno-miR-615","XM_006256065","Aif1","GGGGGTCCCCGGTGCTCGGATC#TGGGACCGAGGACCTTCT#((((((((.((((.((((....#)))))))).)))))))).",713,731,1,-23.9,1,0.001359243,0.5,0,0,-5.85080402196783,16,18,8,"3UTR",NA,0,0
"rno-miR-615","XM_017600845","Mbp","GGGGGTCCCCGGTGCTCGGATC#GGGCTGGCCTGGGCGACCCTCCA#((((((((((((.((.(((..(#)..)))))))))).))))).)).",1950,1973,1,-27.3,1,1.6514e-06,0.353,0,0,-5.45975413917152,18,23,10,"3UTR",NA,0,0
"rno-miR-615","XM_017600846","Mbp","GGGGGTCCCCGGTGCTCGGATC#GGGCTGGCCTGGGCGACCCTCCA#((((((((((((.((.(((..(#)..)))))))))).))))).)).",1908,1931,1,-27.3,1,1.6514e-06,0.353,0,0,-5.45975413917152,18,23,10,"3UTR",NA,0,0
"rno-miR-615","XM_039085766","Dlg4","GGGGGTCCCCGGTGCTCGGATC#GGTCTGAGTGCCAGGAAAGTTCCCCA#(((((..((.((((((((((((#)))))))))))).)).....))))).",4612,4638,1,-29.1,0,0.0002484948,0.471,0,0,-8.62472621059421,19,26,12,"3UTR",NA,0,1
"rno-miR-615","XM_039085768","Dlg4","GGGGGTCCCCGGTGCTCGGATC#GGTCTGAGTGCCAGGAAAGTTCCCCA#(((((..((.((((((((((((#)))))))))))).)).....))))).",4511,4537,1,-29.1,0,0.0002484948,0.471,0,0,-8.62472621059421,19,26,12,"3UTR",NA,0,1
"rno-miR-615","XM_039096570","Mbp","GGGGGTCCCCGGTGCTCGGATC#GGGCTGGCCTGGGCGACCCTCCA#((((((((((((.((.(((..(#)..)))))))))).))))).)).",1919,1942,1,-27.3,1,1.6514e-06,0.353,0,0,-5.45975413917152,18,23,10,"3UTR",NA,0,0
"rno-miR-761","XM_039085766","Dlg4","GCAGCAGGGTGAAACTGACACA#TGTTTCTCTGTGAAACCCTGCTGTC#((((((((((...((.((....#.)).))...)))))))))).",3947,3972,0.974358974358974,-21.6,1,7.203421e-05,0.5,0,0,-11.6313319241782,14,20,10,"3UTR",NA,0,0
"rno-miR-761","XM_039085768","Dlg4","GCAGCAGGGTGAAACTGACACA#TGTTTCTCTGTGAAACCCTGCTGTC#((((((((((...((.((....#.)).))...)))))))))).",3846,3871,0.974358974358974,-21.6,1,7.203421e-05,0.5,0,0,-11.6313319241782,14,20,10,"3UTR",NA,0,0
"rno-miR-761","NM_001107248","Vcl","GCAGCAGGGTGAAACTGACACA#TGGGTTTCCCCTTTGCTGCT#(((((((((.((((((.(....#).))))))))))..))))).",3689,3709,1,-22.2,1,0.01545184,0.456,1.77386654545455,1.753525425,-5.18008091452984,16,20,10,"3UTR",NA,0,0
"rno-miR-761","NM_001287111","Vegfa","GCAGCAGGGTGAAACTGACACA#GTGTCTTCACTGGATATGTTTGACTGCTGTG#(((((((((((((...(((((.#)))))))))))............))))))).",1974,2005,1,-21.4,1,0.001883074,0.529,1.73893688,0.93573461125,-5.76291300427632,18,31,11,"3UTR",NA,0,0
"rno-miR-761","NM_031836","Vegfa","GCAGCAGGGTGAAACTGACACA#GTGTCTTCACTGGATATGTTTGACTGCTGTG#(((((((((((((...(((((.#)))))))))))............))))))).",2106,2137,1,-21.4,1,0.001883074,0.529,1.73893688,0.93573461125,-5.76291300427632,18,31,11,"3UTR",NA,0,0
"rno-miR-761","XM_006251639","Vcl","GCAGCAGGGTGAAACTGACACA#TGGGTTTCCCCTTTGCTGCT#(((((((((.((((((.(....#).))))))))))..))))).",3956,3976,1,-22.2,1,0.01545184,0.456,0,0,-5.18008091452984,16,20,10,"3UTR",NA,0,0
"rno-miR-761","XM_008767207","Map2","GCAGCAGGGTGAAACTGACACA#TCTGGATCTGCCTGCTGCG#((((((((..((..(.((....#)).)..))..)))))))).",4772,4791,1,-19.7,1,0.001057876,0.456,0,0,-8.61549018326587,13,19,8,"3UTR",NA,0,0
"rno-miR-761","XM_017596298","Map2","GCAGCAGGGTGAAACTGACACA#TCTGGATCTGCCTGCTGCG#((((((((..((..(.((....#)).)..))..)))))))).",8858,8877,1,-19.7,1,0.001057876,0.456,0,0,-8.61549018326587,13,19,8,"3UTR",NA,0,0
"rno-miR-761","XM_039083074","Map2","GCAGCAGGGTGAAACTGACACA#TCTGGATCTGCCTGCTGCG#((((((((..((..(.((....#)).)..))..)))))))).",8902,8921,1,-19.7,1,0.001057876,0.456,0,0,-8.61549018326587,13,19,8,"3UTR",NA,0,0
